train_loss,val_loss
5.646029949188232,3.846001148223877
4.640834887822469,4.354902744293213
4.039268294970195,5.048302173614502
3.3813569943110147,4.245271682739258
3.7316735982894897,1.7127689123153687
3.6291468143463135,2.0717644691467285
3.8322359323501587,4.237032890319824
4.186845064163208,2.469836711883545
3.3017946680386863,2.0654194355010986
3.6233974496523538,3.7480697631835938
