train_loss,val_loss
5.193082857131958,2.143256187438965
