train_loss,val_loss
5.761449337005615,3.7119596004486084
3.7221537113189695,1.6757208108901978
3.4727473735809324,2.0917916297912598
2.1852498054504395,1.1785119771957397
2.6486621379852293,1.6314231157302856
2.823069453239441,2.983060598373413
2.356956434249878,3.008692502975464
2.42970757484436,2.957402229309082
2.2099811315536497,0.9148511290550232
2.3478503227233887,3.8640997409820557
